{
  "width": 10,
  "height": 10,
  "elevation": [
    [
      0.5,
      0.701768035,
      0.8115594224207502,
      0.7734224278482665,
      0.6250523503836912,
      0.5012347259944316,
      0.5178780844105519,
      0.6637058301620593,
      0.8321439035007585,
      0.920292074059015
    ],
    [
      0.701768035,
      0.8714607367630327,
      0.921989781548614,
      0.8155193313949269,
      0.6197222235584273,
      0.4805369755623353,
      0.4986503649048739,
      0.6358784457681539,
      0.7717520893102169,
      0.78850572748188
    ],
    [
      0.8115594224207502,
      0.921989781548614,
      0.8789716250634572,
      0.6855581854797801,
      0.45123474800745333,
      0.32047018584936704,
      0.3601241929571227,
      0.5000558927533117,
      0.6144456434900304,
      0.5862305077592124
    ],
    [
      0.7734224278482665,
      0.8155193313949269,
      0.6855581854797803,
      0.44145901563361173,
      0.22161176356439077,
      0.1471525779279415,
      0.23512639289618414,
      0.39161485703868115,
      0.5009778727840296,
      0.4614555142901012
    ],
    [
      0.6250523503836912,
      0.6197222235584272,
      0.45123474800745333,
      0.22161176356439077,
      0.07625752270848574,
      0.09398827237263474,
      0.2411825140852758,
      0.42240979835815157,
      0.535486321636731,
      0.49878924884606984
    ],
    [
      0.5012347259944316,
      0.48053697556233527,
      0.32047018584936704,
      0.1471525779279415,
      0.09398827237263474,
      0.1928434863727838,
      0.3864408608790566,
      0.5834058757252263,
      0.6880973455675101,
      0.6412430433680139
    ],
    [
      0.5178780844105519,
      0.49865036490487397,
      0.3601241929571227,
      0.23512639289618414,
      0.2411825140852758,
      0.3864408608790566,
      0.5982817042966612,
      0.7800957337737384,
      0.8483416765651883,
      0.7659044270837057
    ],
    [
      0.6637058301620594,
      0.635878445768154,
      0.5000558927533116,
      0.39161485703868115,
      0.42240979835815157,
      0.5834058757252263,
      0.7800957337737384,
      0.9168563619165924,
      0.9118254343836136,
      0.7563935543986865
    ],
    [
      0.8321439035007585,
      0.771752089310217,
      0.6144456434900303,
      0.5009778727840296,
      0.535486321636731,
      0.6880973455675101,
      0.8483416765651883,
      0.9118254343836136,
      0.8079160924710975,
      0.5792256927338519
    ],
    [
      0.920292074059015,
      0.78850572748188,
      0.5862305077592123,
      0.4614555142901012,
      0.49878924884606984,
      0.6412430433680139,
      0.7659044270837057,
      0.7563935543986865,
      0.5792256927338519,
      0.32866517243033705
    ]
  ],
  "biomes": [
    [
      "forest",
      "forest",
      "tundra",
      "forest",
      "forest",
      "forest",
      "forest",
      "forest",
      "tundra",
      "tundra"
    ],
    [
      "forest",
      "tundra",
      "tundra",
      "tundra",
      "forest",
      "grassland",
      "grassland",
      "forest",
      "forest",
      "forest"
    ],
    [
      "tundra",
      "tundra",
      "tundra",
      "forest",
      "grassland",
      "grassland",
      "grassland",
      "forest",
      "forest",
      "forest"
    ],
    [
      "forest",
      "tundra",
      "forest",
      "grassland",
      "ocean",
      "ocean",
      "ocean",
      "grassland",
      "forest",
      "grassland"
    ],
    [
      "forest",
      "forest",
      "grassland",
      "ocean",
      "ocean",
      "ocean",
      "ocean",
      "grassland",
      "forest",
      "grassland"
    ],
    [
      "forest",
      "grassland",
      "grassland",
      "ocean",
      "ocean",
      "ocean",
      "grassland",
      "forest",
      "forest",
      "forest"
    ],
    [
      "forest",
      "grassland",
      "grassland",
      "ocean",
      "ocean",
      "grassland",
      "forest",
      "forest",
      "tundra",
      "forest"
    ],
    [
      "forest",
      "forest",
      "forest",
      "grassland",
      "grassland",
      "forest",
      "forest",
      "tundra",
      "tundra",
      "forest"
    ],
    [
      "tundra",
      "forest",
      "forest",
      "forest",
      "forest",
      "forest",
      "tundra",
      "tundra",
      "tundra",
      "forest"
    ],
    [
      "tundra",
      "forest",
      "forest",
      "grassland",
      "grassland",
      "forest",
      "forest",
      "forest",
      "forest",
      "grassland"
    ]
  ]
}